date,text
2025-10-20,New AI camera on the latest smartphone is amazing
2025-10-21,People love the battery life of the new phone
2025-10-22,Foldable phones are getting popular and stylish
2025-10-23,Users complain about phone overheating after update
2025-10-24,Organic skincare product trend rising in social media
2025-10-25,Electric cars discussion trending because of new model launch
2025-10-25,AI cameras and battery performance praised by influencers
2025-10-26,Many tweets about sustainable packaging and organic products
2025-10-27,Foldable phone sales increased in last quarter
2025-10-28,Electric cars have better range this year everyone excited
